Ref,Val,Package,PosX,PosY,Rot,Side
"J2","AudioJack3_Ground","Jack_3.5mm_PJ320E_Horizontal",129.099998,-140.450001,0.000000,bottom
"P1","USB_C_Plug_USB2.0","USB_C_Receptacle_GCT_USB4105-xx-A_16P_TopMnt_Horizontal",127.548852,-66.255000,60.000000,bottom
"U1","TLV320AIC32IRHBR","QFN-32-1EP_5x5mm_P0.5mm_EP3.3x3.3mm",139.600000,-120.200000,-135.000000,bottom
"U2","STM32F429VITx","LQFP-100_14x14mm_P0.5mm",139.600000,-104.200000,-135.000000,bottom
"D1","LED","LED_0603_1608Metric_Pad1.05x0.95mm_HandSolder",160.400000,-62.125001,90.000000,top
"D2","LED","LED_0603_1608Metric_Pad1.05x0.95mm_HandSolder",143.475000,-60.400000,-30.000000,top
"D3","LED","LED_0603_1608Metric_Pad1.05x0.95mm_HandSolder",135.875000,-59.200000,30.000000,top
"D4","LED","LED_0603_1608Metric_Pad1.05x0.95mm_HandSolder",140.800000,-57.800000,165.000000,top
"J1","AudioJack3_Ground","Jack_3.5mm_PJ320E_Horizontal",152.300000,-141.299999,180.000000,top
"R1","270","R_0603_1608Metric_Pad0.98x0.95mm_HandSolder",181.887500,-63.070000,0.000000,top
"R2","270","R_0603_1608Metric_Pad0.98x0.95mm_HandSolder",181.887500,-65.580000,0.000000,top
"R3","270","R_0603_1608Metric_Pad0.98x0.95mm_HandSolder",181.887500,-68.090000,0.000000,top
"R4","270","R_0603_1608Metric_Pad0.98x0.95mm_HandSolder",181.887500,-70.600000,0.000000,top
